{"cameraMode":{"drawMode":0,"name":"Shaded","section":"Shading Mode"},"sceneLighting":false,"audioPlay":false,"sceneViewState":{"m_AlwaysRefresh":false,"showFog":true,"showSkybox":false,"showFlares":true,"showImageEffects":true,"showParticleSystems":true,"showVisualEffectGraphs":true,"m_FxEnabled":true},"in2DMode":false,"pivot":{"x":-0.46242842078208926,"y":2.624697208404541,"z":-0.25665566325187685},"rotation":{"x":-0.005502353422343731,"y":0.9153376221656799,"z":0.01346541941165924,"w":0.4025849997997284},"size":3.2077431678771974,"orthographic":true}