{"cameraMode":{"drawMode":0,"name":"Shaded","section":"Shading Mode"},"sceneLighting":true,"audioPlay":false,"sceneViewState":{"m_AlwaysRefresh":false,"showFog":true,"showSkybox":true,"showFlares":true,"showImageEffects":true,"showParticleSystems":true,"showVisualEffectGraphs":true,"m_FxEnabled":true},"in2DMode":false,"pivot":{"x":57.79132843017578,"y":-30.053815841674806,"z":71.34683990478516},"rotation":{"x":0.8226266503334045,"y":0.005547760520130396,"z":-0.007171174976974726,"w":0.5686205625534058},"size":61.52230453491211,"orthographic":true}