{"cameraMode":{"drawMode":0,"name":"Shaded","section":"Shading Mode"},"sceneLighting":false,"audioPlay":false,"sceneViewState":{"m_AlwaysRefresh":false,"showFog":true,"showSkybox":false,"showFlares":true,"showImageEffects":true,"showParticleSystems":true,"showVisualEffectGraphs":true,"m_FxEnabled":true},"in2DMode":false,"pivot":{"x":27.364652633666993,"y":1.7602272033691407,"z":36.587886810302737},"rotation":{"x":0.011383363045752049,"y":0.7237735986709595,"z":-0.011943076737225056,"w":0.6898415088653565},"size":1.8998924493789673,"orthographic":false}