{"cameraMode":{"drawMode":0,"name":"Shaded","section":"Shading Mode"},"sceneLighting":false,"audioPlay":false,"sceneViewState":{"m_AlwaysRefresh":false,"showFog":true,"showSkybox":false,"showFlares":true,"showImageEffects":true,"showParticleSystems":true,"showVisualEffectGraphs":true,"m_FxEnabled":true},"in2DMode":false,"pivot":{"x":0.2836610674858093,"y":2.9224374294281008,"z":-0.3065156936645508},"rotation":{"x":0.08371666818857193,"y":0.10802397131919861,"z":-0.009105842560529709,"w":0.9905956387519836},"size":1.4465436935424805,"orthographic":false}