{"cameraMode":{"drawMode":0,"name":"Shaded","section":"Shading Mode"},"sceneLighting":false,"audioPlay":false,"sceneViewState":{"m_AlwaysRefresh":false,"showFog":true,"showSkybox":false,"showFlares":true,"showImageEffects":true,"showParticleSystems":true,"showVisualEffectGraphs":true,"m_FxEnabled":true},"in2DMode":false,"pivot":{"x":34.97047424316406,"y":0.8119703531265259,"z":82.8175048828125},"rotation":{"x":0.008740716613829136,"y":0.6850914359092712,"z":0.008221601136028767,"w":-0.7283586859703064},"size":1.505091905593872,"orthographic":true}