{"cameraMode":{"drawMode":0,"name":"Shaded","section":"Shading Mode"},"sceneLighting":false,"audioPlay":false,"sceneViewState":{"m_AlwaysRefresh":false,"showFog":true,"showSkybox":false,"showFlares":true,"showImageEffects":true,"showParticleSystems":true,"showVisualEffectGraphs":true,"m_FxEnabled":true},"in2DMode":false,"pivot":{"x":-2.9115781784057619,"y":2.30120849609375,"z":0.33055010437965395},"rotation":{"x":-0.000030752667953493074,"y":0.9999701976776123,"z":0.0075002918019890789,"w":0.004500410985201597},"size":1.9756265878677369,"orthographic":true}